{
  "__type__": "cc.SpriteAtlas",
  "_name": "heroAltas.plist",
  "_objFlags": 0,
  "_rawFiles": null,
  "_spriteFrames": {
    "hero_down_1": {
      "__uuid__": "cc38e794-e542-4dce-aae2-7af24675fc2b"
    },
    "hero_down_2": {
      "__uuid__": "31fd3880-b8dc-4b9e-aa31-b21c4e37d6f1"
    },
    "hero_down_3": {
      "__uuid__": "36efadb2-2e55-45d4-800a-556b0b05c557"
    },
    "hero_down_4": {
      "__uuid__": "5d0e0f2a-f6df-47a4-a9af-a8866739da64"
    },
    "hero_down_5": {
      "__uuid__": "2ce2569f-4d24-48ae-b67d-4a68b6f101be"
    },
    "hero_down_6": {
      "__uuid__": "5eceb40e-3ef1-48ee-bdf2-12086d15133d"
    },
    "hero_left_1": {
      "__uuid__": "ae2fe210-45e2-4770-8ef3-c1006ffb34b5"
    },
    "hero_left_2": {
      "__uuid__": "78a4f983-242c-4bd0-8e6c-56d7049d3081"
    },
    "hero_left_3": {
      "__uuid__": "153d1718-1b90-4bf2-b6a7-dc183a86ee05"
    },
    "hero_left_4": {
      "__uuid__": "4c27bbba-e8b5-4ac0-b632-c2bcc17e5ced"
    },
    "hero_left_5": {
      "__uuid__": "4a8ce395-6d7f-47a3-a8c9-2385ffe3c0a8"
    },
    "hero_left_6": {
      "__uuid__": "203474f6-396f-4d15-b872-e5e173f940e5"
    },
    "hero_right_1": {
      "__uuid__": "08276585-188c-4d94-b479-aae8dd0270db"
    },
    "hero_right_2": {
      "__uuid__": "911bd94e-b167-40a8-8d63-dfa10c2a8d9a"
    },
    "hero_right_3": {
      "__uuid__": "a6cfd2fb-1bda-4f0a-a97f-a4f73d670f2d"
    },
    "hero_right_4": {
      "__uuid__": "2ca5f54c-51da-43ce-8228-90b322c0a217"
    },
    "hero_right_5": {
      "__uuid__": "8413d1c5-ed63-4992-a7ca-4e289822a50d"
    },
    "hero_right_6": {
      "__uuid__": "5ba9431f-e42b-4325-9972-e5d96d350a20"
    },
    "hero_up_1": {
      "__uuid__": "8e114c71-03ad-4408-9de9-31e42abc2c5e"
    },
    "hero_up_2": {
      "__uuid__": "8e5c504a-0490-49e6-b5b4-6f8ea10df405"
    },
    "hero_up_3": {
      "__uuid__": "c44a7276-8d16-4178-afc8-076df65ed516"
    },
    "hero_up_4": {
      "__uuid__": "93eab8ec-6bfd-4260-9094-b4f3da69cfcb"
    },
    "hero_up_5": {
      "__uuid__": "80e70f99-1d08-4580-8eed-b0446aa93fc8"
    },
    "hero_up_6": {
      "__uuid__": "58d8a9d6-42e5-44e7-be03-ece484161462"
    }
  }
}