{
  "29e5b743-4f8d-45be-ac9c-357ba4f15a86": {
    "asset": 1481733433000,
    "meta": 1481762953000,
    "relativePath": "Prefabs"
  },
  "2aba1ddd-1bd8-4ca4-acb1-d3beee2d0906": {
    "asset": 1480521748000,
    "meta": 1480521748000,
    "relativePath": "resources"
  },
  "5e35df0c-ab3f-4930-99d8-e3c3073d373f": {
    "asset": 1481732586000,
    "meta": 1481762953000,
    "relativePath": "Scripts"
  },
  "e6ca83eb-963f-441f-a7fc-7d3fea67eaf4": {
    "asset": 1480521776000,
    "meta": 1480526121000,
    "relativePath": "Scenes"
  },
  "2ab1cd80-016a-415d-aa8a-04857f050804": {
    "asset": 1481734248000,
    "meta": 1481734248000,
    "relativePath": "Scenes/Game.fire"
  },
  "9808a44d-e22b-4be6-8179-b00b06bb94af": {
    "asset": 1480521861000,
    "meta": 1480521861000,
    "relativePath": "Textures"
  },
  "d5e2eb87-d5fd-46a0-9327-1fb6067d5028": {
    "asset": 1481730145000,
    "meta": 1481762953000,
    "relativePath": "Textures/Snake"
  },
  "0f8efa5a-4b3a-4333-803c-86704ea73633": {
    "asset": 1480521455000,
    "meta": 1480521861000,
    "relativePath": "Textures/Snake/area-on.png"
  },
  "fd0bcca0-870c-42f4-834f-6225129278b3": {
    "asset": 1480521457000,
    "meta": 1480521861000,
    "relativePath": "Textures/Snake/area.png"
  },
  "12ca1606-e9ed-451f-97e0-b62a01ea16bd": {
    "asset": 1480521459000,
    "meta": 1480521861000,
    "relativePath": "Textures/Snake/back.png"
  },
  "cb6a65da-6425-444b-9358-351ad9d7f08f": {
    "asset": 1480520844000,
    "meta": 1481726154000,
    "relativePath": "Textures/Snake/mapnode.png"
  },
  "7ee6ff38-43a5-4e58-a4e2-47f2aa9d0a62": {
    "asset": 1480521461000,
    "meta": 1480521861000,
    "relativePath": "Textures/Snake/btn_1.png"
  },
  "c6227048-b8b0-4fa9-a785-e3f217eb9e90": {
    "asset": 1480521464000,
    "meta": 1480521861000,
    "relativePath": "Textures/Snake/btn_2.png"
  },
  "4cf4f2a3-ec87-44e9-bb1a-f2225e5f5b1f": {
    "asset": 1480521466000,
    "meta": 1480521861000,
    "relativePath": "Textures/Snake/btn_3.png"
  },
  "26633966-aee6-4d99-bde7-7ccef3ea8808": {
    "asset": 1480521472000,
    "meta": 1480521861000,
    "relativePath": "Textures/Snake/btn_bg.png"
  },
  "e99119fe-8821-4d57-b2f1-c3753d6ee42f": {
    "asset": 1480521469000,
    "meta": 1480521861000,
    "relativePath": "Textures/Snake/btn_accelerate.png"
  },
  "97f67b2e-7620-45c7-acbd-91a0b7533775": {
    "asset": 1480521474000,
    "meta": 1480521861000,
    "relativePath": "Textures/Snake/btn_bg1.png"
  },
  "814bb0ae-994b-47a3-868f-a7a1c366abc1": {
    "asset": 1480521476000,
    "meta": 1480521976000,
    "relativePath": "Textures/Snake/nipple.png"
  },
  "eec04788-d3aa-457e-9433-29ad23e85744": {
    "asset": 1480521479000,
    "meta": 1480521876000,
    "relativePath": "Textures/Snake/rockerBg.png"
  },
  "64a6b898-c21e-46be-9104-aca4fefd2303": {
    "asset": 1480521482000,
    "meta": 1480521861000,
    "relativePath": "Textures/Snake/btn_rule.png"
  },
  "fa96a1ef-b6b8-4a4f-9219-dc1bee5cb81f": {
    "asset": 1480521485000,
    "meta": 1480521861000,
    "relativePath": "Textures/Snake/btn_share.png"
  },
  "f75bb562-3fb3-4344-8a38-f1f69275aa28": {
    "asset": 1480521487000,
    "meta": 1480521861000,
    "relativePath": "Textures/Snake/close2.png"
  },
  "c89f9ee7-cf01-4974-a0b5-636c49c886db": {
    "asset": 1480521490000,
    "meta": 1480521861000,
    "relativePath": "Textures/Snake/cont_bg.png"
  },
  "1fa40180-c97d-4167-a52a-399b589d2b6f": {
    "asset": 1480521492000,
    "meta": 1480521861000,
    "relativePath": "Textures/Snake/cont_bg2.png"
  },
  "e1937b16-1de9-4aa4-9b48-f648937fab13": {
    "asset": 1480521500000,
    "meta": 1480521861000,
    "relativePath": "Textures/Snake/diamond_ico.png"
  },
  "c76cfe67-22ef-4f25-b1f6-3f53f337aabf": {
    "asset": 1480521494000,
    "meta": 1480521861000,
    "relativePath": "Textures/Snake/diamond1.png"
  },
  "2ff4f3ff-5703-4fed-abaf-f2f8f4e3847f": {
    "asset": 1480521496000,
    "meta": 1480521861000,
    "relativePath": "Textures/Snake/diamond2.png"
  },
  "57a1a5fa-8a63-43b3-abc4-065ed09930c9": {
    "asset": 1480521498000,
    "meta": 1480521861000,
    "relativePath": "Textures/Snake/diamond3.png"
  },
  "348765ca-b345-44d9-9a93-e79cea4e87cd": {
    "asset": 1480521504000,
    "meta": 1480521861000,
    "relativePath": "Textures/Snake/global-on.png"
  },
  "7d848c6e-e7b3-4fb6-aaa8-201d1e81dd4f": {
    "asset": 1480521506000,
    "meta": 1480521861000,
    "relativePath": "Textures/Snake/global.png"
  },
  "4d775202-de74-4e64-8955-9c5b3e87e589": {
    "asset": 1480521512000,
    "meta": 1480521861000,
    "relativePath": "Textures/Snake/gold_bg.png"
  },
  "11300257-060a-416a-a14e-6826344e9029": {
    "asset": 1480521509000,
    "meta": 1480521861000,
    "relativePath": "Textures/Snake/gold.png"
  },
  "4ef53620-f3ac-4221-8cff-7244f608fdcb": {
    "asset": 1480521514000,
    "meta": 1480521861000,
    "relativePath": "Textures/Snake/gray_bg.png"
  },
  "409230c6-bb1c-4251-81be-46c5f91046b9": {
    "asset": 1480521517000,
    "meta": 1480521861000,
    "relativePath": "Textures/Snake/gray_bg2.png"
  },
  "5d91464c-4cfd-4f78-93db-843fc35432b7": {
    "asset": 1480521519000,
    "meta": 1480521861000,
    "relativePath": "Textures/Snake/have_btn.png"
  },
  "6a6af092-3d53-4a4c-a42d-f9381ec4bff2": {
    "asset": 1480521523000,
    "meta": 1480521861000,
    "relativePath": "Textures/Snake/have_btn2.png"
  },
  "fd7eb633-59ee-4f86-99a8-7d25cd7c0ec2": {
    "asset": 1480521528000,
    "meta": 1480521861000,
    "relativePath": "Textures/Snake/ico_back.png"
  },
  "1daa2b22-3497-4c36-9ece-9cdfbd97f82e": {
    "asset": 1480521525000,
    "meta": 1480521861000,
    "relativePath": "Textures/Snake/head_bg.png"
  },
  "04dcbe3b-8c42-4d0d-b316-5239231801a8": {
    "asset": 1480521530000,
    "meta": 1480521861000,
    "relativePath": "Textures/Snake/ico_music.png"
  },
  "95751c0d-3d6f-427e-a67b-34890390afee": {
    "asset": 1480521533000,
    "meta": 1480521861000,
    "relativePath": "Textures/Snake/ico_set2.png"
  },
  "562f52a7-1b09-42a2-8e0b-b1307b76ceb9": {
    "asset": 1480521535000,
    "meta": 1480521861000,
    "relativePath": "Textures/Snake/ico_share.png"
  },
  "79d2b04c-2c69-49a0-a616-0de86d8a33f4": {
    "asset": 1480521538000,
    "meta": 1480521861000,
    "relativePath": "Textures/Snake/ico_star.png"
  },
  "dd09c3ab-4140-4a60-be66-c60370d1324f": {
    "asset": 1480521542000,
    "meta": 1480521861000,
    "relativePath": "Textures/Snake/ico_user_w.png"
  },
  "a44b61eb-9f41-48ea-ad90-a47134c945a5": {
    "asset": 1480521540000,
    "meta": 1480521861000,
    "relativePath": "Textures/Snake/ico_user.png"
  },
  "8ae90faf-51a4-4b22-bbd0-4b3944673055": {
    "asset": 1480521545000,
    "meta": 1480521861000,
    "relativePath": "Textures/Snake/icon_1.png"
  },
  "92ddc585-5b0c-4f66-a29d-34844c85489c": {
    "asset": 1480521547000,
    "meta": 1480521861000,
    "relativePath": "Textures/Snake/icon_3.png"
  },
  "4de46e75-bcfa-4a0f-ad90-3b74d50908d1": {
    "asset": 1480521549000,
    "meta": 1480521861000,
    "relativePath": "Textures/Snake/icon_4.png"
  },
  "dee177eb-f875-45d0-83ea-dbbe613f8423": {
    "asset": 1480521551000,
    "meta": 1480521861000,
    "relativePath": "Textures/Snake/input.png"
  },
  "a389b2f8-cc19-4b6e-bd32-8097d8158642": {
    "asset": 1480521563000,
    "meta": 1480521861000,
    "relativePath": "Textures/Snake/li_bg_footer.png"
  },
  "477916ee-45d3-4a74-addf-c2f68cb85b3f": {
    "asset": 1480521556000,
    "meta": 1480521861000,
    "relativePath": "Textures/Snake/left.png"
  },
  "f6156706-8a70-4aab-acba-1e7c96c46710": {
    "asset": 1480521567000,
    "meta": 1480521861000,
    "relativePath": "Textures/Snake/li_bg_use_footer.png"
  },
  "dae9049f-80ae-4790-b6cb-0d9c84a1d1d6": {
    "asset": 1480521565000,
    "meta": 1480521861000,
    "relativePath": "Textures/Snake/li_bg_use.png"
  },
  "891f26dd-e28a-4270-9b4e-daa1b4054fc4": {
    "asset": 1480521561000,
    "meta": 1480521861000,
    "relativePath": "Textures/Snake/li_bg2.png"
  },
  "f30b73e9-1b00-4f67-8c02-204ed3a2f981": {
    "asset": 1480521569000,
    "meta": 1480521861000,
    "relativePath": "Textures/Snake/limit2.png"
  },
  "21e8f29d-bd9f-475e-a13f-c21ff68ce618": {
    "asset": 1480521572000,
    "meta": 1480521861000,
    "relativePath": "Textures/Snake/loading_p.png"
  },
  "ce85e491-cb63-470e-8602-9781ff42f831": {
    "asset": 1480521575000,
    "meta": 1480521861000,
    "relativePath": "Textures/Snake/modeimage1.png"
  },
  "77b21966-57d9-4ccf-8a3c-7b7efd383b78": {
    "asset": 1480521577000,
    "meta": 1480521861000,
    "relativePath": "Textures/Snake/modeimage2.png"
  },
  "e9821024-b546-428a-b674-bee9d284b871": {
    "asset": 1480521579000,
    "meta": 1480521861000,
    "relativePath": "Textures/Snake/money.png"
  },
  "72daf1fe-7f64-4a96-a49b-d32b0c8b61f5": {
    "asset": 1480521581000,
    "meta": 1480521861000,
    "relativePath": "Textures/Snake/popup_bg.png"
  },
  "20138dc2-f211-436a-88ec-d9a3ac0f4cef": {
    "asset": 1480521584000,
    "meta": 1480521861000,
    "relativePath": "Textures/Snake/purchase_bg.png"
  },
  "8b3da542-6c10-48a6-98da-d474d6bdda60": {
    "asset": 1480521586000,
    "meta": 1480521861000,
    "relativePath": "Textures/Snake/radar_+.png"
  },
  "4780ca1e-f88f-4099-94d7-31b0d49d5022": {
    "asset": 1480521588000,
    "meta": 1480521861000,
    "relativePath": "Textures/Snake/radar_bg.png"
  },
  "b03296e9-3e55-4666-b352-d2076834a32a": {
    "asset": 1480521591000,
    "meta": 1480521861000,
    "relativePath": "Textures/Snake/rankNumBefore.png"
  },
  "65c04cb7-1bad-44dd-baf9-8077a8ba3e60": {
    "asset": 1480521593000,
    "meta": 1480521861000,
    "relativePath": "Textures/Snake/select_1.png"
  },
  "96903f86-b663-4e15-b01e-080ead6b3455": {
    "asset": 1480521596000,
    "meta": 1480521862000,
    "relativePath": "Textures/Snake/select_2.png"
  },
  "e5514da8-eb40-4499-a9ad-bf2a46e72ff0": {
    "asset": 1480521452000,
    "meta": 1480521862000,
    "relativePath": "Textures/Snake/SET.png"
  },
  "3e08b11a-1e36-4bd7-9af2-1873c22d5601": {
    "asset": 1480521598000,
    "meta": 1480521862000,
    "relativePath": "Textures/Snake/share.png"
  },
  "c33898d3-b6f0-4939-98a9-3fd0bbe244ab": {
    "asset": 1480521601000,
    "meta": 1480521862000,
    "relativePath": "Textures/Snake/tab_bg1-2.png"
  },
  "d0095dec-8092-4a41-a436-310fcd443d4a": {
    "asset": 1480521603000,
    "meta": 1480521862000,
    "relativePath": "Textures/Snake/tab_bg1.png"
  },
  "9eb557b8-9077-4142-854e-fd63c175b16e": {
    "asset": 1480521605000,
    "meta": 1480521862000,
    "relativePath": "Textures/Snake/tab_bg2-2.png"
  },
  "a527a87e-cd19-4d37-8db6-d997ce6f8495": {
    "asset": 1480521607000,
    "meta": 1480521862000,
    "relativePath": "Textures/Snake/tab_bg2.png"
  },
  "f6161dc9-3695-41dc-a78b-20be9deecfd3": {
    "asset": 1480521609000,
    "meta": 1480521862000,
    "relativePath": "Textures/Snake/tab_bg3-2.png"
  },
  "e47d7190-324b-416a-9e13-62dfbf8c664a": {
    "asset": 1480521611000,
    "meta": 1480521862000,
    "relativePath": "Textures/Snake/tab_bg3.png"
  },
  "45b5f8a7-25be-4092-aba9-68a4d2866210": {
    "asset": 1480521614000,
    "meta": 1480521862000,
    "relativePath": "Textures/Snake/triangle_bg.png"
  },
  "c792b637-630a-401b-9a15-b23421857e2a": {
    "asset": 1480521618000,
    "meta": 1480521862000,
    "relativePath": "Textures/Snake/unlocked_btn1.png"
  },
  "79911352-4a34-4967-81ec-4d38d4fc6df7": {
    "asset": 1480521620000,
    "meta": 1480521862000,
    "relativePath": "Textures/Snake/unlocked_btn2.png"
  },
  "f0d31b4b-c1e7-4e2e-9159-e69cb8aad622": {
    "asset": 1480521616000,
    "meta": 1480521862000,
    "relativePath": "Textures/Snake/unlocked.png"
  },
  "d6da679a-ce16-4d48-bee7-fefb679d85b3": {
    "asset": 1480521622000,
    "meta": 1480521862000,
    "relativePath": "Textures/Snake/wifi.png"
  },
  "ef3b501f-54dc-4845-b673-6c1be2cf301b": {
    "asset": 1481726378000,
    "meta": 1481726379000,
    "relativePath": "Scripts/Scaler.js"
  },
  "fd225f41-152b-4f8b-a827-34540ea76e12": {
    "asset": 1481727092000,
    "meta": 1481727092000,
    "relativePath": "Prefabs/MapNode.prefab"
  },
  "3e89572f-714a-42ac-94be-650c633e8662": {
    "asset": 1474710815000,
    "meta": 1481730145000,
    "relativePath": "Textures/Snake/head.png"
  },
  "229c4901-f4d0-4c5f-af40-7e88e369ae46": {
    "asset": 1481730223000,
    "meta": 1481762953000,
    "relativePath": "Scripts/Control"
  },
  "39fe99fa-32b5-4031-8350-7255598ff812": {
    "asset": 1481733318000,
    "meta": 1481762953000,
    "relativePath": "Scripts/Snake"
  },
  "2405ff17-e843-4982-9b87-c3966670105b": {
    "asset": 1481732586000,
    "meta": 1481732587000,
    "relativePath": "Scripts/Module"
  },
  "fc09f9bd-2cce-4605-b630-8145ef809ed6": {
    "asset": 1478085228000,
    "meta": 1481762953000,
    "relativePath": "misc"
  },
  "2be36297-9abb-4fee-8049-9ed5e271da8a": {
    "asset": 1478085228000,
    "meta": 1478085228000,
    "relativePath": "misc/default_video.mp4"
  },
  "f6e6dd15-71d1-4ffe-ace7-24fd39942c05": {
    "asset": 1478085228000,
    "meta": 1481762953000,
    "relativePath": "obsolete"
  },
  "b8223619-7e38-47c4-841f-9160c232495a": {
    "asset": 1478085228000,
    "meta": 1478085228000,
    "relativePath": "obsolete/atom.plist"
  },
  "f743d2b6-b7ea-4c14-a55b-547ed4d0a045": {
    "asset": 1478085228000,
    "meta": 1481762953000,
    "relativePath": "particle"
  },
  "b2687ac4-099e-403c-a192-ff477686f4f5": {
    "asset": 1478085228000,
    "meta": 1478085228000,
    "relativePath": "particle/atom.plist"
  },
  "ae6c6c98-11e4-452f-8758-75f5c6a56e83": {
    "asset": 1478085228000,
    "meta": 1481762953000,
    "relativePath": "prefab"
  },
  "972b9a4d-47ee-4c74-b5c3-61d8a69bc29f": {
    "asset": 1478085228000,
    "meta": 1481762953000,
    "relativePath": "prefab/button.prefab"
  },
  "2c937608-2562-40ea-b264-7395df6f0cea": {
    "asset": 1478085228000,
    "meta": 1481762953000,
    "relativePath": "prefab/canvas.prefab"
  },
  "61aeb05b-3b32-452b-8eed-2b76deeed554": {
    "asset": 1478085228000,
    "meta": 1481762953000,
    "relativePath": "prefab/editbox.prefab"
  },
  "27756ebb-3d33-44b0-9b96-e858fadd4dd4": {
    "asset": 1478085228000,
    "meta": 1481762953000,
    "relativePath": "prefab/label.prefab"
  },
  "785a442c-3ceb-45be-a46e-7317f625f3b9": {
    "asset": 1478085228000,
    "meta": 1481762953000,
    "relativePath": "prefab/layout.prefab"
  },
  "ca8401fe-ad6e-41a8-bd46-8e3e4e9945be": {
    "asset": 1478085228000,
    "meta": 1481762953000,
    "relativePath": "prefab/pageview.prefab"
  },
  "cd33edea-55f5-46c2-958d-357a01384a36": {
    "asset": 1478085228000,
    "meta": 1481762953000,
    "relativePath": "prefab/particlesystem.prefab"
  },
  "5965ffac-69da-4b55-bcde-9225d0613c28": {
    "asset": 1478085228000,
    "meta": 1481762953000,
    "relativePath": "prefab/progressBar.prefab"
  },
  "4a37dd57-78cd-4cec-aad4-f11a73d12b63": {
    "asset": 1478085228000,
    "meta": 1481762953000,
    "relativePath": "prefab/richtext.prefab"
  },
  "32044bd2-481f-4cf1-a656-e2b2fb1594eb": {
    "asset": 1478085228000,
    "meta": 1481762953000,
    "relativePath": "prefab/scrollview.prefab"
  },
  "0004d1cf-a0ad-47d8-ab17-34d3db9d35a3": {
    "asset": 1478085228000,
    "meta": 1481762953000,
    "relativePath": "prefab/slider.prefab"
  },
  "1f55e3be-b89b-4b79-88de-47fd31018044": {
    "asset": 1478085228000,
    "meta": 1481762953000,
    "relativePath": "prefab/sprite_splash.prefab"
  },
  "96083d03-c332-4a3f-9386-d03e2d19e8ee": {
    "asset": 1478085228000,
    "meta": 1481762953000,
    "relativePath": "prefab/sprite.prefab"
  },
  "7de03a80-4457-438d-95a7-3e7cdffd6086": {
    "asset": 1478085228000,
    "meta": 1481762953000,
    "relativePath": "prefab/tiledmap.prefab"
  },
  "0d784963-d024-4ea6-a7db-03be0ad63010": {
    "asset": 1478085228000,
    "meta": 1481762953000,
    "relativePath": "prefab/toggle.prefab"
  },
  "bf0a434c-84dd-4a8e-a08a-7a36f180cc75": {
    "asset": 1478085228000,
    "meta": 1481762953000,
    "relativePath": "prefab/toggleGroup.prefab"
  },
  "232d2782-c4bd-4bb4-9e01-909f03d6d3b9": {
    "asset": 1478085228000,
    "meta": 1481762953000,
    "relativePath": "prefab/videoplayer.prefab"
  },
  "8c5001fd-07ee-4a4b-a8a0-63e15195e94d": {
    "asset": 1478085228000,
    "meta": 1481762953000,
    "relativePath": "prefab/webview.prefab"
  },
  "b60af47b-8a61-423d-b725-a561302fc993": {
    "asset": 1481732833000,
    "meta": 1481732843000,
    "relativePath": "Scripts/Map.js"
  },
  "7184b7d1-5642-470f-aee7-d6b6a2f53172": {
    "asset": 1481732768000,
    "meta": 1481732843000,
    "relativePath": "Scripts/Snake/Base.js"
  },
  "f8e6b000-5643-4b86-9080-aa680ce1f599": {
    "asset": 1478085228000,
    "meta": 1481732898000,
    "relativePath": "image"
  },
  "71561142-4c83-4933-afca-cb7a17f67053": {
    "asset": 1478085228000,
    "meta": 1481732898000,
    "relativePath": "image/default_btn_disabled.png"
  },
  "e851e89b-faa2-4484-bea6-5c01dd9f06e2": {
    "asset": 1478085228000,
    "meta": 1481732898000,
    "relativePath": "image/default_btn_normal.png"
  },
  "b43ff3c2-02bb-4874-81f7-f2dea6970f18": {
    "asset": 1478085228000,
    "meta": 1481732898000,
    "relativePath": "image/default_btn_pressed.png"
  },
  "d81ec8ad-247c-4e62-aa3c-d35c4193c7af": {
    "asset": 1478085228000,
    "meta": 1481732898000,
    "relativePath": "image/default_panel.png"
  },
  "99170b0b-d210-46f1-b213-7d9e3f23098a": {
    "asset": 1478085228000,
    "meta": 1481732898000,
    "relativePath": "image/default_progressbar_bg.png"
  },
  "cfef78f1-c8df-49b7-8ed0-4c953ace2621": {
    "asset": 1478085228000,
    "meta": 1481732898000,
    "relativePath": "image/default_progressbar.png"
  },
  "567dcd80-8bf4-4535-8a5a-313f1caf078a": {
    "asset": 1478085228000,
    "meta": 1481732898000,
    "relativePath": "image/default_radio_button_off.png"
  },
  "9d60001f-b5f4-4726-a629-2659e3ded0b8": {
    "asset": 1478085228000,
    "meta": 1481732898000,
    "relativePath": "image/default_radio_button_on.png"
  },
  "4bab67cb-18e6-4099-b840-355f0473f890": {
    "asset": 1478085228000,
    "meta": 1481732898000,
    "relativePath": "image/default_scrollbar_bg.png"
  },
  "617323dd-11f4-4dd3-8eec-0caf6b3b45b9": {
    "asset": 1478085228000,
    "meta": 1481732898000,
    "relativePath": "image/default_scrollbar_vertical_bg.png"
  },
  "d6d3ca85-4681-47c1-b5dd-d036a9d39ea2": {
    "asset": 1478085228000,
    "meta": 1481732898000,
    "relativePath": "image/default_scrollbar_vertical.png"
  },
  "0291c134-b3da-4098-b7b5-e397edbe947f": {
    "asset": 1478085228000,
    "meta": 1481732898000,
    "relativePath": "image/default_scrollbar.png"
  },
  "6e056173-d285-473c-b206-40a7fff5386e": {
    "asset": 1478085228000,
    "meta": 1481732898000,
    "relativePath": "image/default_sprite.png"
  },
  "0275e94c-56a7-410f-bd1a-fc7483f7d14a": {
    "asset": 1478085228000,
    "meta": 1481732898000,
    "relativePath": "image/default_sprite_splash.png"
  },
  "73a0903d-d80e-4e3c-aa67-f999543c08f5": {
    "asset": 1478085228000,
    "meta": 1481732898000,
    "relativePath": "image/default_toggle_checkmark.png"
  },
  "da26c42d-afe5-416f-88d6-b2c2264b0049": {
    "asset": 1481732957000,
    "meta": 1481732968000,
    "relativePath": "Scripts/MapNode.js"
  },
  "c25b9d50-c8fc-4d27-beeb-6e7c1f2e5c0f": {
    "asset": 1478085228000,
    "meta": 1481733297000,
    "relativePath": "image/default_toggle_disabled.png"
  },
  "d29077ba-1627-4a72-9579-7b56a235340c": {
    "asset": 1478085228000,
    "meta": 1481733297000,
    "relativePath": "image/default_toggle_normal.png"
  },
  "b181c1e4-0a72-4a91-bfb0-ae6f36ca60bd": {
    "asset": 1478085228000,
    "meta": 1481733297000,
    "relativePath": "image/default_toggle_pressed.png"
  },
  "27a61340-820d-4cc1-9670-e0aa70e648cb": {
    "asset": 1481733433000,
    "meta": 1481733433000,
    "relativePath": "Prefabs/SnakeHead.prefab"
  },
  "6a1d827d-63b3-4ba2-948d-cd8a7f60ae7b": {
    "asset": 1481733976000,
    "meta": 1481734093000,
    "relativePath": "Scripts/Module/Global.js"
  },
  "cb5e26d8-84ef-49d7-a2ac-97705f4ddde3": {
    "asset": 1481734206000,
    "meta": 1481734248000,
    "relativePath": "Scripts/Control/GameControl.js"
  },
  "4fc03b78-c2e0-4be3-8a39-1ff5c73098f0": {
    "asset": 1481735782000,
    "meta": 1481735785000,
    "relativePath": "Scripts/Snake/Snake.js"
  },
  "4c0f7c0a-5bfb-4e32-b3ab-f4b1d8276bc0": {
    "asset": 1481735817000,
    "meta": 1481735819000,
    "relativePath": "Scripts/Snake/SnakeHead.js"
  },
  "8f14df02-62f5-47d2-964d-efdb9e49a1bb": {
    "asset": 1481735925000,
    "meta": 1481735927000,
    "relativePath": "Scripts/Nipple.js"
  }
}