{
  "158f122a-2f11-4d3b-9b2d-63675a05eb9c": {
    "asset": 1479735395000,
    "meta": 1479736069000,
    "relativePath": "Textures"
  },
  "165776e2-68e6-4998-8d17-17091cfbee69": {
    "asset": 1479735395000,
    "meta": 1479736068000,
    "relativePath": "Scenes"
  },
  "67f320ba-6515-4d57-a593-0ff8f8b2eb07": {
    "asset": 1479735395000,
    "meta": 1479736068000,
    "relativePath": "Scripts"
  },
  "48ee5219-dcd3-47c3-9cf7-edfd02b3844c": {
    "asset": 1479576644000,
    "meta": 1479736068000,
    "relativePath": "Scenes/StartScene.fire"
  },
  "18700aeb-0927-4d96-b271-02342d36fa02": {
    "asset": 1479735395000,
    "meta": 1479736069000,
    "relativePath": "Textures/startUI"
  },
  "0e01aff0-7d74-4096-b91a-233abf9b2545": {
    "asset": 1479533058000,
    "meta": 1479736070000,
    "relativePath": "Textures/startUI/image 1268.jpg"
  },
  "30e82017-46d0-4a58-ad03-1d9812ca0b49": {
    "asset": 1479533058000,
    "meta": 1479736070000,
    "relativePath": "Textures/startUI/image 1436.png"
  },
  "8710b83f-58c9-486f-b0bb-ab7e5e6cdb8a": {
    "asset": 1479533058000,
    "meta": 1479736070000,
    "relativePath": "Textures/startUI/image 1504.png"
  },
  "8ec67662-2f9a-4f17-845e-cd94ccd84f5c": {
    "asset": 1479535204000,
    "meta": 1479736069000,
    "relativePath": "Textures/startUI/backGround.png"
  },
  "a283a773-d71e-47fb-bcb1-843a8309357e": {
    "asset": 1479535948000,
    "meta": 1479736070000,
    "relativePath": "Textures/startUI/gameName.png"
  },
  "ed865545-aaab-4be7-8e27-c49d1fc31ef8": {
    "asset": 1479537756000,
    "meta": 1479736069000,
    "relativePath": "Textures/startUI/backgroundBoder.jpg"
  },
  "09141240-264d-49df-9017-8b559bddf820": {
    "asset": 1479538256000,
    "meta": 1479736070000,
    "relativePath": "Textures/startUI/gameLook.jpg"
  },
  "72d6285a-1407-4503-a9c2-3955aa008ebf": {
    "asset": 1479735395000,
    "meta": 1479736068000,
    "relativePath": "Prefabs"
  },
  "62b03b54-6472-45f4-89bb-64ed94c13ca2": {
    "asset": 1479533058000,
    "meta": 1479736070000,
    "relativePath": "Textures/startUI/help.png"
  },
  "b5f8b885-e63d-43e6-a666-f3a382936e72": {
    "asset": 1479533058000,
    "meta": 1479736070000,
    "relativePath": "Textures/startUI/helptxt.png"
  },
  "0dcf9303-6c19-4616-af1f-c340f16b96fa": {
    "asset": 1479533058000,
    "meta": 1479736070000,
    "relativePath": "Textures/startUI/startTxt.png"
  },
  "77846595-4adb-4a43-854b-93c857b5b1c5": {
    "asset": 1479533058000,
    "meta": 1479736070000,
    "relativePath": "Textures/startUI/start.png"
  },
  "eae606d4-46ca-404c-85cf-683077512247": {
    "asset": 1479539060000,
    "meta": 1479736069000,
    "relativePath": "Scripts/Effect/ButtonScaler.js"
  },
  "213ec6c7-6dc1-4c7c-be32-7f08451e07ec": {
    "asset": 1479741459000,
    "meta": 1479741459000,
    "relativePath": "Scenes/GameView.fire"
  },
  "e99a8783-69b0-44c7-bc9d-aaf716b1aa19": {
    "asset": 1479533058000,
    "meta": 1479736069000,
    "relativePath": "Textures/startUI/bass1.png"
  },
  "5293aaf1-5f10-4323-beca-821d5911b979": {
    "asset": 1479533058000,
    "meta": 1479736069000,
    "relativePath": "Textures/startUI/attackTip.png"
  },
  "528ed26f-4ed7-4763-a547-1803db0201c1": {
    "asset": 1479533058000,
    "meta": 1479736069000,
    "relativePath": "Textures/startUI/bass2.png"
  },
  "02c50942-8dec-47f6-8c99-88d4f5752f05": {
    "asset": 1479533058000,
    "meta": 1479736069000,
    "relativePath": "Textures/startUI/bass3.png"
  },
  "738a2964-06b8-40b7-83e4-fb54a6b946c6": {
    "asset": 1479533058000,
    "meta": 1479736070000,
    "relativePath": "Textures/startUI/bass4.png"
  },
  "39bf256c-f277-43a5-9caa-d405ffc4eac7": {
    "asset": 1479533058000,
    "meta": 1479736070000,
    "relativePath": "Textures/startUI/bass5.png"
  },
  "c890da52-3680-4ffd-932b-7d75cae068de": {
    "asset": 1479533058000,
    "meta": 1479736070000,
    "relativePath": "Textures/startUI/defeatThreat.png"
  },
  "884dab80-c8b2-4a69-9409-ecad6a84189e": {
    "asset": 1479533058000,
    "meta": 1479736070000,
    "relativePath": "Textures/startUI/moveTip.png"
  },
  "03d5482a-b59d-4b54-abf0-715062ce6dfc": {
    "asset": 1479533058000,
    "meta": 1479736070000,
    "relativePath": "Textures/startUI/pass1.png"
  },
  "5149d3f7-736f-4c9b-aff6-d0a5d241eb93": {
    "asset": 1479533058000,
    "meta": 1479736070000,
    "relativePath": "Textures/startUI/next.png"
  },
  "11fd5ed8-a0d7-4e36-8f75-cd97c210f085": {
    "asset": 1479533058000,
    "meta": 1479736070000,
    "relativePath": "Textures/startUI/pass2.png"
  },
  "c07bc212-1740-4ab5-b2ef-3479d89fee4b": {
    "asset": 1479533058000,
    "meta": 1479736070000,
    "relativePath": "Textures/startUI/pass3.png"
  },
  "2efb4e76-dec4-46cc-8f43-94df0984a9c0": {
    "asset": 1479533058000,
    "meta": 1479736070000,
    "relativePath": "Textures/startUI/pass4.png"
  },
  "99f33023-1e1f-49cf-b10a-9d7e51d4b7b6": {
    "asset": 1479533058000,
    "meta": 1479736070000,
    "relativePath": "Textures/startUI/pass5.png"
  },
  "97cfb04f-9d83-4f56-a839-1f5bbc11d7a7": {
    "asset": 1479533058000,
    "meta": 1479736070000,
    "relativePath": "Textures/startUI/reStartTxt.png"
  },
  "930aac02-2558-4a5f-873b-96b21c90766d": {
    "asset": 1479533058000,
    "meta": 1479736070000,
    "relativePath": "Textures/startUI/useItem.png"
  },
  "00e94c23-33e9-4491-bbec-de484272a398": {
    "asset": 1479533058000,
    "meta": 1479736070000,
    "relativePath": "Textures/startUI/gameLog.png"
  },
  "8ed8a6f9-5c51-4ccb-9e6b-5b18b44bceee": {
    "asset": 1479533058000,
    "meta": 1479736070000,
    "relativePath": "Textures/startUI/companylog.png"
  },
  "a227db7e-c8ec-4459-b7bc-616e1c4ba04b": {
    "asset": 1479541620000,
    "meta": 1479736070000,
    "relativePath": "Textures/startUI/helpBg.jpg"
  },
  "58336839-8e2f-417d-86d6-ddb32955eca6": {
    "asset": 1479541782000,
    "meta": 1479736068000,
    "relativePath": "Prefabs/startBtn.prefab"
  },
  "ab26fac8-9716-4957-9a63-2db0d484b1bc": {
    "asset": 1479542508000,
    "meta": 1479736069000,
    "relativePath": "Scripts/UI/HelpPanel.js"
  },
  "174865d5-49b4-4d8e-b6e4-5cb608db2dcf": {
    "asset": 1479542838000,
    "meta": 1479736069000,
    "relativePath": "Scripts/UI/StartGame.js"
  },
  "1462600e-c609-4b75-aa55-b2e1f2306cae": {
    "asset": 1479533058000,
    "meta": 1479736070000,
    "relativePath": "Textures/startUI/helpTip.png"
  },
  "a7ff6329-de0e-4b4b-9664-627b8d4c39f0": {
    "asset": 1479544146000,
    "meta": 1479736068000,
    "relativePath": "Prefabs/backGround.prefab"
  },
  "4ddb9ccf-c95a-47c9-a4cb-b198e8ff03f6": {
    "asset": 1479544386000,
    "meta": 1479736069000,
    "relativePath": "Textures/startUI/AutoAtlas.pac"
  },
  "7e2207af-34f7-46d4-aea4-9b15dc9c4123": {
    "asset": 1479735395000,
    "meta": 1479736069000,
    "relativePath": "Textures/Map"
  },
  "95807eff-9254-4714-9bb7-ade617488ab9": {
    "asset": 1479735395000,
    "meta": 1479736069000,
    "relativePath": "Scripts/Player"
  },
  "db22158e-814b-4dd4-adef-897b8454c175": {
    "asset": 1479547906000,
    "meta": 1479736069000,
    "relativePath": "Scripts/Player/Tipple.js"
  },
  "8114626b-a54d-48a0-b6bb-e639ea9465ef": {
    "asset": 1479550538000,
    "meta": 1479736069000,
    "relativePath": "Scripts/Player/Mount.js"
  },
  "dabda6d1-8ab1-4417-9be8-c72ee3fdd46c": {
    "asset": 1479735395000,
    "meta": 1479736069000,
    "relativePath": "Scripts/Map"
  },
  "5ed763a6-f0fe-440c-880a-d5c61eab8074": {
    "asset": 1479625356000,
    "meta": 1479736068000,
    "relativePath": "Prefabs/Node.prefab"
  },
  "951bad25-c4de-4946-a632-f1c6e6529ac6": {
    "asset": 1479735395000,
    "meta": 1479736069000,
    "relativePath": "Scripts/UI"
  },
  "ef47d60b-7d1e-452c-a748-d5f750bb35e7": {
    "asset": 1479575956000,
    "meta": 1479736070000,
    "relativePath": "Textures/startUI/operateTip.png"
  },
  "a61fa53f-7a12-466c-804a-064749646525": {
    "asset": 1479735395000,
    "meta": 1479736069000,
    "relativePath": "Scripts/Control"
  },
  "94b2a0b0-a3ac-4551-8d53-dd89d6162cfe": {
    "asset": 1479555406000,
    "meta": 1479736069000,
    "relativePath": "Scripts/Control/MapControl.js"
  },
  "a755ba99-a64f-40dd-96cf-c203b0554f89": {
    "asset": 1479735395000,
    "meta": 1479736069000,
    "relativePath": "Scripts/Effect"
  },
  "6fe72555-c1f5-4ec8-875f-56596522f09e": {
    "asset": 1479619220000,
    "meta": 1479736068000,
    "relativePath": "Prefabs/Pass.prefab"
  },
  "1497be18-855b-4f76-8f36-c752ea35d102": {
    "asset": 1479735395000,
    "meta": 1479736068000,
    "relativePath": "resources"
  },
  "ea6cd854-9963-4147-9939-a269e9f71be4": {
    "asset": 1479735395000,
    "meta": 1479736068000,
    "relativePath": "resources/Map"
  },
  "0d826cbd-1315-40fb-b6d8-a2927886d9ef": {
    "asset": 1479735395000,
    "meta": 1479736068000,
    "relativePath": "resources/Map/tile"
  },
  "20f78a9d-fba3-4df6-82a2-4a236f292f32": {
    "asset": 1479627332000,
    "meta": 1479736070000,
    "relativePath": "resources/Map/tile/tileAltas.plist"
  },
  "1a85ac8a-91cc-438c-9fa6-78a5f0ce57a2": {
    "asset": 1479627332000,
    "meta": 1479736069000,
    "relativePath": "resources/Map/tile/tileAltas.png"
  },
  "0bc7786d-2d11-4a3a-8d33-91490a482e30": {
    "asset": 1479735395000,
    "meta": 1479736068000,
    "relativePath": "resources/Map/block"
  },
  "0e6cd78c-2dda-4da4-9c39-d12d8a4742e3": {
    "asset": 1479629868000,
    "meta": 1479736070000,
    "relativePath": "resources/Map/block/bomb.plist"
  },
  "f85013a4-a082-4032-8b47-54f6b2eb5772": {
    "asset": 1479629868000,
    "meta": 1479736068000,
    "relativePath": "resources/Map/block/bomb.png"
  },
  "e52acbac-a294-4a29-9558-5c6a463fcfa8": {
    "asset": 1479636910000,
    "meta": 1479736068000,
    "relativePath": "Prefabs/Block.prefab"
  },
  "289ba287-be44-4fce-8184-455b1efa04b8": {
    "asset": 1479632926000,
    "meta": 1479736069000,
    "relativePath": "Scripts/Map/BuildingLayer.js"
  },
  "0b865bb0-31cb-45fd-8f88-c70fab93205e": {
    "asset": 1479632888000,
    "meta": 1479736069000,
    "relativePath": "Scripts/Map/MapNode.js"
  },
  "03e50b5d-de51-44ca-9730-75425d4086ec": {
    "asset": 1479632978000,
    "meta": 1479736069000,
    "relativePath": "Scripts/Map/TileLayer.js"
  },
  "7aceac34-8e0f-424d-a345-d8aeeaaca4c9": {
    "asset": 1479634368000,
    "meta": 1479736069000,
    "relativePath": "Scripts/Map/BuildSetting.js"
  },
  "7f18eec0-8efa-4443-93a6-333eedbbe088": {
    "asset": 1479606414000,
    "meta": 1479736069000,
    "relativePath": "Textures/Map/box10.png"
  },
  "605a58b0-581b-4cac-b07d-9a7b53a6bd45": {
    "asset": 1479606306000,
    "meta": 1479736069000,
    "relativePath": "Textures/Map/box1.png"
  },
  "c9b15c0b-2795-42d2-ac04-0ef33fd13b4e": {
    "asset": 1479606442000,
    "meta": 1479635594000,
    "relativePath": "Textures/Map/box11.bmp"
  },
  "8b3b24e5-89eb-45a4-8804-daed8142dfeb": {
    "asset": 1479606448000,
    "meta": 1479635594000,
    "relativePath": "Textures/Map/box12.bmp"
  },
  "87f858e5-04d9-4bbd-b067-e5ba989c4ebe": {
    "asset": 1479606440000,
    "meta": 1479736069000,
    "relativePath": "Textures/Map/box11.png"
  },
  "ee2be132-5f59-439d-a39f-a387f6ee9cd1": {
    "asset": 1479606470000,
    "meta": 1479736069000,
    "relativePath": "Textures/Map/box13.png"
  },
  "a877c5b6-afbe-4f57-97e5-58ff667c9a26": {
    "asset": 1479606482000,
    "meta": 1479635594000,
    "relativePath": "Textures/Map/box15.bmp"
  },
  "01132f9e-1ae2-45d7-96a8-8ea3618d7ebb": {
    "asset": 1479606490000,
    "meta": 1479635594000,
    "relativePath": "Textures/Map/box16.bmp"
  },
  "e5aadedb-daca-47b3-ade4-65916725e2f7": {
    "asset": 1479606476000,
    "meta": 1479736069000,
    "relativePath": "Textures/Map/box14.png"
  },
  "91b9f953-174f-42fe-a5ba-ef564ddc53e8": {
    "asset": 1479606496000,
    "meta": 1479736069000,
    "relativePath": "Textures/Map/box17.png"
  },
  "a8e163cb-4ebe-4634-882b-d2089f87fbad": {
    "asset": 1479606764000,
    "meta": 1479736069000,
    "relativePath": "Textures/Map/box18.png"
  },
  "8ceb1729-48d6-4f92-8d63-af8ecdb4ad09": {
    "asset": 1479606846000,
    "meta": 1479736069000,
    "relativePath": "Textures/Map/box19.png"
  },
  "632abd16-f058-4949-9a2c-599e442e98ca": {
    "asset": 1479606320000,
    "meta": 1479736069000,
    "relativePath": "Textures/Map/box2.png"
  },
  "f85d087e-b87a-4a5f-b97e-d63dca0d0487": {
    "asset": 1479606342000,
    "meta": 1479736069000,
    "relativePath": "Textures/Map/box6.jpg"
  },
  "0da3ecee-badd-4bed-a2de-1b2e73edfe56": {
    "asset": 1479606854000,
    "meta": 1479736069000,
    "relativePath": "Textures/Map/box20.png"
  },
  "213d7abd-81bf-4444-9344-e114f82270d0": {
    "asset": 1479606398000,
    "meta": 1479736069000,
    "relativePath": "Textures/Map/box6.png"
  },
  "124724e4-76b4-46d0-a5ff-41a9ac7bc8ac": {
    "asset": 1479606356000,
    "meta": 1479736069000,
    "relativePath": "Textures/Map/box7.png"
  },
  "808aee25-87d4-4843-9185-95437a4a8f37": {
    "asset": 1479606364000,
    "meta": 1479736069000,
    "relativePath": "Textures/Map/box8.png"
  },
  "2f9527f9-0fc8-4689-b12d-3697de3e3912": {
    "asset": 1479606372000,
    "meta": 1479736069000,
    "relativePath": "Textures/Map/box9.png"
  },
  "6dc7f539-831f-44e9-8f97-0e4fb4f451ec": {
    "asset": 1479639220000,
    "meta": 1479736069000,
    "relativePath": "Scripts/Map/Pass.js"
  },
  "c1af6321-3a63-4aab-955e-642e55422d99": {
    "asset": 1479639490000,
    "meta": 1479736068000,
    "relativePath": "Prefabs/BlockTile.prefab"
  },
  "718b21d9-7c9d-4432-8999-3589e94a4f32": {
    "asset": 1479640322000,
    "meta": 1479736070000,
    "relativePath": "resources/Map/block/blockAltas.plist"
  },
  "7c32f90a-e03f-44f9-acf8-c03ecf92dd66": {
    "asset": 1479640322000,
    "meta": 1479736068000,
    "relativePath": "resources/Map/block/blockAltas.png"
  },
  "3d1806c9-9e95-4622-8e1d-f4af9e1bb69b": {
    "asset": 1479642930000,
    "meta": 1479736069000,
    "relativePath": "Scripts/Map/BlockTile.js"
  },
  "617e834d-c1df-44fa-93e6-66edacaf7148": {
    "asset": 1479735395000,
    "meta": 1479736068000,
    "relativePath": "resources/Hero"
  },
  "0865a661-3905-4203-849c-56012a05b36d": {
    "asset": 1479648958000,
    "meta": 1479736070000,
    "relativePath": "resources/Hero/heroAltas.plist"
  },
  "1ead75bf-4553-419c-bdd9-028b3220ac9d": {
    "asset": 1479648958000,
    "meta": 1479736068000,
    "relativePath": "resources/Hero/heroAltas.png"
  },
  "1c8fff1f-e3a7-436b-be3d-dd145d4ae9f7": {
    "asset": 1479649356000,
    "meta": 1479736069000,
    "relativePath": "Scripts/Control/GameControl.js"
  },
  "f8e6b000-5643-4b86-9080-aa680ce1f599": {
    "asset": 1478085228000,
    "meta": 1479736067000,
    "relativePath": "image"
  },
  "71561142-4c83-4933-afca-cb7a17f67053": {
    "asset": 1478085228000,
    "meta": 1479736068000,
    "relativePath": "image/default_btn_disabled.png"
  },
  "e851e89b-faa2-4484-bea6-5c01dd9f06e2": {
    "asset": 1478085228000,
    "meta": 1479736068000,
    "relativePath": "image/default_btn_normal.png"
  },
  "d81ec8ad-247c-4e62-aa3c-d35c4193c7af": {
    "asset": 1478085228000,
    "meta": 1479736068000,
    "relativePath": "image/default_panel.png"
  },
  "b43ff3c2-02bb-4874-81f7-f2dea6970f18": {
    "asset": 1478085228000,
    "meta": 1479736068000,
    "relativePath": "image/default_btn_pressed.png"
  },
  "99170b0b-d210-46f1-b213-7d9e3f23098a": {
    "asset": 1478085228000,
    "meta": 1479736068000,
    "relativePath": "image/default_progressbar_bg.png"
  },
  "cfef78f1-c8df-49b7-8ed0-4c953ace2621": {
    "asset": 1478085228000,
    "meta": 1479736068000,
    "relativePath": "image/default_progressbar.png"
  },
  "567dcd80-8bf4-4535-8a5a-313f1caf078a": {
    "asset": 1478085228000,
    "meta": 1479736068000,
    "relativePath": "image/default_radio_button_off.png"
  },
  "9d60001f-b5f4-4726-a629-2659e3ded0b8": {
    "asset": 1478085228000,
    "meta": 1479736068000,
    "relativePath": "image/default_radio_button_on.png"
  },
  "4bab67cb-18e6-4099-b840-355f0473f890": {
    "asset": 1478085228000,
    "meta": 1479736068000,
    "relativePath": "image/default_scrollbar_bg.png"
  },
  "617323dd-11f4-4dd3-8eec-0caf6b3b45b9": {
    "asset": 1478085228000,
    "meta": 1479736068000,
    "relativePath": "image/default_scrollbar_vertical_bg.png"
  },
  "d6d3ca85-4681-47c1-b5dd-d036a9d39ea2": {
    "asset": 1478085228000,
    "meta": 1479736068000,
    "relativePath": "image/default_scrollbar_vertical.png"
  },
  "0291c134-b3da-4098-b7b5-e397edbe947f": {
    "asset": 1478085228000,
    "meta": 1479736068000,
    "relativePath": "image/default_scrollbar.png"
  },
  "6e056173-d285-473c-b206-40a7fff5386e": {
    "asset": 1478085228000,
    "meta": 1479736068000,
    "relativePath": "image/default_sprite.png"
  },
  "0275e94c-56a7-410f-bd1a-fc7483f7d14a": {
    "asset": 1478085228000,
    "meta": 1479736068000,
    "relativePath": "image/default_sprite_splash.png"
  },
  "73a0903d-d80e-4e3c-aa67-f999543c08f5": {
    "asset": 1478085228000,
    "meta": 1479736068000,
    "relativePath": "image/default_toggle_checkmark.png"
  },
  "c25b9d50-c8fc-4d27-beeb-6e7c1f2e5c0f": {
    "asset": 1478085228000,
    "meta": 1479736068000,
    "relativePath": "image/default_toggle_disabled.png"
  },
  "d29077ba-1627-4a72-9579-7b56a235340c": {
    "asset": 1478085228000,
    "meta": 1479736068000,
    "relativePath": "image/default_toggle_normal.png"
  },
  "b181c1e4-0a72-4a91-bfb0-ae6f36ca60bd": {
    "asset": 1478085228000,
    "meta": 1479736068000,
    "relativePath": "image/default_toggle_pressed.png"
  },
  "fc09f9bd-2cce-4605-b630-8145ef809ed6": {
    "asset": 1478085228000,
    "meta": 1479736068000,
    "relativePath": "misc"
  },
  "2be36297-9abb-4fee-8049-9ed5e271da8a": {
    "asset": 1478085228000,
    "meta": 1478085228000,
    "relativePath": "misc/default_video.mp4"
  },
  "f6e6dd15-71d1-4ffe-ace7-24fd39942c05": {
    "asset": 1478085228000,
    "meta": 1479736068000,
    "relativePath": "obsolete"
  },
  "b8223619-7e38-47c4-841f-9160c232495a": {
    "asset": 1478085228000,
    "meta": 1478085228000,
    "relativePath": "obsolete/atom.plist"
  },
  "f743d2b6-b7ea-4c14-a55b-547ed4d0a045": {
    "asset": 1478085228000,
    "meta": 1479736068000,
    "relativePath": "particle"
  },
  "b2687ac4-099e-403c-a192-ff477686f4f5": {
    "asset": 1478085228000,
    "meta": 1478085228000,
    "relativePath": "particle/atom.plist"
  },
  "ae6c6c98-11e4-452f-8758-75f5c6a56e83": {
    "asset": 1478085228000,
    "meta": 1479736068000,
    "relativePath": "prefab"
  },
  "972b9a4d-47ee-4c74-b5c3-61d8a69bc29f": {
    "asset": 1478085228000,
    "meta": 1479736068000,
    "relativePath": "prefab/button.prefab"
  },
  "2c937608-2562-40ea-b264-7395df6f0cea": {
    "asset": 1478085228000,
    "meta": 1479736068000,
    "relativePath": "prefab/canvas.prefab"
  },
  "61aeb05b-3b32-452b-8eed-2b76deeed554": {
    "asset": 1478085228000,
    "meta": 1479736068000,
    "relativePath": "prefab/editbox.prefab"
  },
  "27756ebb-3d33-44b0-9b96-e858fadd4dd4": {
    "asset": 1478085228000,
    "meta": 1479736068000,
    "relativePath": "prefab/label.prefab"
  },
  "785a442c-3ceb-45be-a46e-7317f625f3b9": {
    "asset": 1478085228000,
    "meta": 1479736068000,
    "relativePath": "prefab/layout.prefab"
  },
  "ca8401fe-ad6e-41a8-bd46-8e3e4e9945be": {
    "asset": 1478085228000,
    "meta": 1479736068000,
    "relativePath": "prefab/pageview.prefab"
  },
  "cd33edea-55f5-46c2-958d-357a01384a36": {
    "asset": 1478085228000,
    "meta": 1479736068000,
    "relativePath": "prefab/particlesystem.prefab"
  },
  "4a37dd57-78cd-4cec-aad4-f11a73d12b63": {
    "asset": 1478085228000,
    "meta": 1479736068000,
    "relativePath": "prefab/richtext.prefab"
  },
  "5965ffac-69da-4b55-bcde-9225d0613c28": {
    "asset": 1478085228000,
    "meta": 1479736068000,
    "relativePath": "prefab/progressBar.prefab"
  },
  "32044bd2-481f-4cf1-a656-e2b2fb1594eb": {
    "asset": 1478085228000,
    "meta": 1479736068000,
    "relativePath": "prefab/scrollview.prefab"
  },
  "0004d1cf-a0ad-47d8-ab17-34d3db9d35a3": {
    "asset": 1478085228000,
    "meta": 1479736068000,
    "relativePath": "prefab/slider.prefab"
  },
  "1f55e3be-b89b-4b79-88de-47fd31018044": {
    "asset": 1478085228000,
    "meta": 1479736068000,
    "relativePath": "prefab/sprite_splash.prefab"
  },
  "96083d03-c332-4a3f-9386-d03e2d19e8ee": {
    "asset": 1478085228000,
    "meta": 1479736068000,
    "relativePath": "prefab/sprite.prefab"
  },
  "7de03a80-4457-438d-95a7-3e7cdffd6086": {
    "asset": 1478085228000,
    "meta": 1479736068000,
    "relativePath": "prefab/tiledmap.prefab"
  },
  "0d784963-d024-4ea6-a7db-03be0ad63010": {
    "asset": 1478085228000,
    "meta": 1479736068000,
    "relativePath": "prefab/toggle.prefab"
  },
  "bf0a434c-84dd-4a8e-a08a-7a36f180cc75": {
    "asset": 1478085228000,
    "meta": 1479736068000,
    "relativePath": "prefab/toggleGroup.prefab"
  },
  "232d2782-c4bd-4bb4-9e01-909f03d6d3b9": {
    "asset": 1478085228000,
    "meta": 1479736068000,
    "relativePath": "prefab/videoplayer.prefab"
  },
  "8c5001fd-07ee-4a4b-a8a0-63e15195e94d": {
    "asset": 1478085228000,
    "meta": 1479736068000,
    "relativePath": "prefab/webview.prefab"
  },
  "9ae9365e-360e-4e99-8d40-5bb97b3893a4": {
    "asset": 1479741433000,
    "meta": 1479741433000,
    "relativePath": "Prefabs/Player.prefab"
  },
  "786af5ca-4636-47dd-ab31-f12a5955b3fd": {
    "asset": 1479735395000,
    "meta": 1479736069000,
    "relativePath": "Textures/Hero"
  },
  "e488629a-df29-48e2-bc30-e9fc60c98e27": {
    "asset": 1479695826000,
    "meta": 1479736069000,
    "relativePath": "Scripts/Map/BlockLayer.js"
  },
  "a7bc6462-ba33-4e7b-8c6b-3a980238a0c0": {
    "asset": 1479735395000,
    "meta": 1479736068000,
    "relativePath": "Scripts/Astar"
  },
  "c84f6201-6093-4a7e-9260-59b888e49215": {
    "asset": 1479722670000,
    "meta": 1479736069000,
    "relativePath": "Scripts/Astar/AStar.js"
  },
  "d039b882-2fde-417f-9319-7044b9cfcf01": {
    "asset": 1479723484000,
    "meta": 1479736069000,
    "relativePath": "Scripts/Astar/Grid.js"
  },
  "1595ddf1-a2a2-4582-8dbb-fcf5d46f3949": {
    "asset": 1479738855000,
    "meta": 1479738857000,
    "relativePath": "Scripts/Control/InputControl.js"
  },
  "379104ae-d6df-4508-b755-ae5c30b0cad7": {
    "asset": 1479741459000,
    "meta": 1479741459000,
    "relativePath": "Prefabs/Bomb.prefab"
  },
  "0806c7ba-deae-41d4-b042-7b2497a6651f": {
    "asset": 1479740834000,
    "meta": 1479740910000,
    "relativePath": "Scripts/Map/Map.js"
  },
  "49397b3b-12e5-4b1a-b427-97e10f2f9ec1": {
    "asset": 1479740986000,
    "meta": 1479741046000,
    "relativePath": "Scripts/Map/Block.js"
  },
  "d8498bbf-57c6-494b-bad2-276aef7e3d04": {
    "asset": 1479533058000,
    "meta": 1479741414000,
    "relativePath": "Textures/Hero/bomb.png"
  },
  "26094152-ffa2-488a-88a6-439948fa9a79": {
    "asset": 1479533058000,
    "meta": 1479741414000,
    "relativePath": "Textures/Hero/hero.png"
  },
  "eec7474c-34fb-44e9-9b24-b7d2fdfae29b": {
    "asset": 1479745694000,
    "meta": 1479745722000,
    "relativePath": "resources/Hero/bomb.plist"
  },
  "9301c57b-378d-4789-8f05-7d5d2fef70cb": {
    "asset": 1479745694000,
    "meta": 1479745722000,
    "relativePath": "resources/Hero/bomb.png"
  },
  "19b334ac-bccf-4765-bf80-5a4575d5a1ff": {
    "asset": 1479746107000,
    "meta": 1479746119000,
    "relativePath": "Scripts/Map/PlayerLayer.js"
  },
  "e9ed4415-b45f-494c-b73e-e82aefaa56e4": {
    "asset": 1479746256000,
    "meta": 1479746357000,
    "relativePath": "Scripts/Player/Player.js"
  },
  "36d8ca86-4511-428f-ae27-f9103dced97d": {
    "asset": 1479746482000,
    "meta": 1479746537000,
    "relativePath": "Scripts/Player/Bomb.js"
  }
}