{
  "__type__": "cc.SpriteAtlas",
  "_name": "bomb.plist",
  "_objFlags": 0,
  "_rawFiles": null,
  "_spriteFrames": {
    "bomb1": {
      "__uuid__": "f8ec80e5-5d90-4a98-bae4-7c9e47e498c6"
    },
    "bomb10": {
      "__uuid__": "705fe1bf-085e-463e-83ff-fd0476a4bbe8"
    },
    "bomb11": {
      "__uuid__": "b10ec391-accf-4b06-8a0d-b83995b0a5f3"
    },
    "bomb12": {
      "__uuid__": "5cf2718c-e1d1-4a70-ae20-d3f1467f6c33"
    },
    "bomb2": {
      "__uuid__": "3482cfd8-b153-40e5-bf9e-18f7facfaede"
    },
    "bomb3": {
      "__uuid__": "819aab26-c5d1-4f60-99d0-7201f8a88a25"
    },
    "bomb4": {
      "__uuid__": "ba049a46-210e-45f4-ac61-836cee0e834d"
    },
    "bomb5": {
      "__uuid__": "1ea04597-2565-49fc-bfe5-8c606ab3bb05"
    },
    "bomb6": {
      "__uuid__": "b4a5d554-5006-4e4a-807a-c4ef83b3a836"
    },
    "bomb7": {
      "__uuid__": "78ba392a-a156-4d5a-9440-6e1b7db73a67"
    },
    "bomb8": {
      "__uuid__": "a50d70fc-7ff2-47a1-9b3a-b4e3d0506107"
    },
    "bomb9": {
      "__uuid__": "c8b5dfca-4a89-42df-8b0c-74bdad26eca6"
    }
  }
}