{
  "packedTextures": [
    {
      "path": "/Developments/workspace/cocos2d/paopaotang/temp/TexturePacker/Textures/startUI/AutoAtlas.pac/AutoAtlas-1.png",
      "name": "AutoAtlas-1.png",
      "size": "1024x1024"
    },
    {
      "path": "/Developments/workspace/cocos2d/paopaotang/temp/TexturePacker/Textures/startUI/AutoAtlas.pac/AutoAtlas-2.png",
      "name": "AutoAtlas-2.png",
      "size": "1024x1024"
    },
    {
      "path": "/Developments/workspace/cocos2d/paopaotang/temp/TexturePacker/Textures/startUI/AutoAtlas.pac/AutoAtlas-3.png",
      "name": "AutoAtlas-3.png",
      "size": "1024x1024"
    }
  ],
  "unpackedTextures": []
}