{
  "__type__": "cc.SpriteAtlas",
  "_name": "blockAltas.plist",
  "_objFlags": 0,
  "_rawFiles": null,
  "_spriteFrames": {
    "box1": {
      "__uuid__": "8f4983ed-c03b-46f6-bb2d-0c6a64962c3b"
    },
    "box10": {
      "__uuid__": "32fcb0a3-1868-45dc-b955-4b89b6f1c13c"
    },
    "box11": {
      "__uuid__": "b8d9a5c5-ec5d-45ed-bd77-5fadf6dc4fb5"
    },
    "box12": {
      "__uuid__": "57a2f32e-7002-45d5-812f-2abc1a3603e4"
    },
    "box13": {
      "__uuid__": "99cbfcd7-85bc-494e-8998-731c0769a206"
    },
    "box14": {
      "__uuid__": "2f26edf2-2c88-4046-a9d7-cbac4e70c94b"
    },
    "box15": {
      "__uuid__": "e01e8051-0cab-410b-8ebc-984027ce9207"
    },
    "box16": {
      "__uuid__": "6ad88a9d-f03e-4ed0-a026-7772bfed2c18"
    },
    "box17": {
      "__uuid__": "9591294a-5bbe-45d9-8d6e-0c7ae15973b7"
    },
    "box2": {
      "__uuid__": "9715797c-29a7-4306-8437-6da26a1755d0"
    },
    "box3": {
      "__uuid__": "149ccf20-f87d-4641-9eed-0d9a732ee393"
    },
    "box4": {
      "__uuid__": "d805627a-9dfa-4159-ba35-bc0a73160711"
    },
    "box5": {
      "__uuid__": "0966fdf4-6f75-4d90-b245-ad41bb361bf5"
    },
    "box6": {
      "__uuid__": "b58dbc3a-0300-4c11-b794-8aae67d43995"
    },
    "box7": {
      "__uuid__": "bba55328-a5b6-479e-8e6c-9ae5c97857c9"
    },
    "box8": {
      "__uuid__": "c3725dc2-0330-4a81-84fe-0f7a9b7554ac"
    },
    "box9": {
      "__uuid__": "dfaceafd-040f-4563-89d9-b88dbe70f1ad"
    }
  }
}