{
  "__type__": "cc.SpriteAtlas",
  "_name": "tileAltas.plist",
  "_objFlags": 0,
  "_rawFiles": null,
  "_spriteFrames": {
    "node1": {
      "__uuid__": "864ecb59-4807-48a9-9a07-de8844a88dc5"
    },
    "node10": {
      "__uuid__": "d9ae1da8-a4c5-4c21-80b1-776f58dbacb3"
    },
    "node11": {
      "__uuid__": "02e3f2bb-3fcc-4be4-b9cd-913b5abc1d57"
    },
    "node12": {
      "__uuid__": "ff07ad0b-e834-4433-8e89-fe5592efdf15"
    },
    "node13": {
      "__uuid__": "679bdd97-33fe-40bc-973f-0c0c93a86ed6"
    },
    "node2": {
      "__uuid__": "67023dcb-9b70-4b24-b852-b47ac76c27b3"
    },
    "node3": {
      "__uuid__": "9f868722-0868-4955-aacb-5a6ee3215fa2"
    },
    "node4": {
      "__uuid__": "78aecdde-34fc-46d8-8844-f5ea35959afe"
    },
    "node5": {
      "__uuid__": "b229cd23-fcea-4469-b1e2-bf7a35fe0088"
    },
    "node6": {
      "__uuid__": "2470f712-a9a9-40d3-8863-f0692c56c8ba"
    },
    "node7": {
      "__uuid__": "998a55ca-504b-441e-99aa-04a9b3a52580"
    },
    "node8": {
      "__uuid__": "3bc0bad2-9384-43d3-8c42-9074bdde61f3"
    },
    "node9": {
      "__uuid__": "680f83ba-c7e1-49d0-a002-dc0d81bcd4bb"
    }
  }
}