{
  "item-states": [
    {
      "folded": false,
      "id": "mount-assets"
    },
    {
      "folded": false,
      "id": "165776e2-68e6-4998-8d17-17091cfbee69"
    },
    {
      "folded": false,
      "id": "67f320ba-6515-4d57-a593-0ff8f8b2eb07"
    },
    {
      "folded": false,
      "id": "72d6285a-1407-4503-a9c2-3955aa008ebf"
    },
    {
      "folded": true,
      "id": "158f122a-2f11-4d3b-9b2d-63675a05eb9c"
    },
    {
      "folded": false,
      "id": "1497be18-855b-4f76-8f36-c752ea35d102"
    },
    {
      "folded": true,
      "id": "951bad25-c4de-4946-a632-f1c6e6529ac6"
    },
    {
      "folded": true,
      "id": "dabda6d1-8ab1-4417-9be8-c72ee3fdd46c"
    },
    {
      "folded": true,
      "id": "7e2207af-34f7-46d4-aea4-9b15dc9c4123"
    },
    {
      "folded": false,
      "id": "ea6cd854-9963-4147-9939-a269e9f71be4"
    },
    {
      "folded": false,
      "id": "786af5ca-4636-47dd-ab31-f12a5955b3fd"
    },
    {
      "folded": false,
      "id": "95807eff-9254-4714-9bb7-ade617488ab9"
    },
    {
      "folded": true,
      "id": "a755ba99-a64f-40dd-96cf-c203b0554f89"
    },
    {
      "folded": false,
      "id": "617e834d-c1df-44fa-93e6-66edacaf7148"
    },
    {
      "folded": true,
      "id": "a61fa53f-7a12-466c-804a-064749646525"
    },
    {
      "folded": true,
      "id": "18700aeb-0927-4d96-b271-02342d36fa02"
    },
    {
      "folded": true,
      "id": "0d826cbd-1315-40fb-b6d8-a2927886d9ef"
    },
    {
      "folded": false,
      "id": "0bc7786d-2d11-4a3a-8d33-91490a482e30"
    },
    {
      "folded": true,
      "id": "808aee25-87d4-4843-9185-95437a4a8f37"
    },
    {
      "folded": true,
      "id": "2f9527f9-0fc8-4689-b12d-3697de3e3912"
    },
    {
      "folded": true,
      "id": "632abd16-f058-4949-9a2c-599e442e98ca"
    },
    {
      "folded": true,
      "id": "124724e4-76b4-46d0-a5ff-41a9ac7bc8ac"
    },
    {
      "folded": true,
      "id": "213d7abd-81bf-4444-9344-e114f82270d0"
    },
    {
      "folded": true,
      "id": "f85d087e-b87a-4a5f-b97e-d63dca0d0487"
    },
    {
      "folded": true,
      "id": "605a58b0-581b-4cac-b07d-9a7b53a6bd45"
    },
    {
      "folded": true,
      "id": "ee2be132-5f59-439d-a39f-a387f6ee9cd1"
    },
    {
      "folded": true,
      "id": "0da3ecee-badd-4bed-a2de-1b2e73edfe56"
    },
    {
      "folded": true,
      "id": "8ceb1729-48d6-4f92-8d63-af8ecdb4ad09"
    },
    {
      "folded": true,
      "id": "a8e163cb-4ebe-4634-882b-d2089f87fbad"
    },
    {
      "folded": true,
      "id": "91b9f953-174f-42fe-a5ba-ef564ddc53e8"
    },
    {
      "folded": true,
      "id": "e5aadedb-daca-47b3-ade4-65916725e2f7"
    },
    {
      "folded": true,
      "id": "87f858e5-04d9-4bbd-b067-e5ba989c4ebe"
    },
    {
      "folded": true,
      "id": "7f18eec0-8efa-4443-93a6-333eedbbe088"
    },
    {
      "folded": true,
      "id": "62b03b54-6472-45f4-89bb-64ed94c13ca2"
    },
    {
      "folded": true,
      "id": "5149d3f7-736f-4c9b-aff6-d0a5d241eb93"
    },
    {
      "folded": true,
      "id": "528ed26f-4ed7-4763-a547-1803db0201c1"
    },
    {
      "folded": true,
      "id": "02c50942-8dec-47f6-8c99-88d4f5752f05"
    },
    {
      "folded": true,
      "id": "738a2964-06b8-40b7-83e4-fb54a6b946c6"
    },
    {
      "folded": true,
      "id": "99f33023-1e1f-49cf-b10a-9d7e51d4b7b6"
    },
    {
      "folded": true,
      "id": "39bf256c-f277-43a5-9caa-d405ffc4eac7"
    },
    {
      "folded": true,
      "id": "2efb4e76-dec4-46cc-8f43-94df0984a9c0"
    },
    {
      "folded": true,
      "id": "c07bc212-1740-4ab5-b2ef-3479d89fee4b"
    },
    {
      "folded": true,
      "id": "11fd5ed8-a0d7-4e36-8f75-cd97c210f085"
    },
    {
      "folded": true,
      "id": "03d5482a-b59d-4b54-abf0-715062ce6dfc"
    },
    {
      "folded": true,
      "id": "77846595-4adb-4a43-854b-93c857b5b1c5"
    },
    {
      "folded": true,
      "id": "e99a8783-69b0-44c7-bc9d-aaf716b1aa19"
    },
    {
      "folded": true,
      "id": "a227db7e-c8ec-4459-b7bc-616e1c4ba04b"
    },
    {
      "folded": true,
      "id": "00e94c23-33e9-4491-bbec-de484272a398"
    },
    {
      "folded": true,
      "id": "b5f8b885-e63d-43e6-a666-f3a382936e72"
    },
    {
      "folded": true,
      "id": "884dab80-c8b2-4a69-9409-ecad6a84189e"
    },
    {
      "folded": true,
      "id": "1ead75bf-4553-419c-bdd9-028b3220ac9d"
    },
    {
      "folded": true,
      "id": "f85013a4-a082-4032-8b47-54f6b2eb5772"
    },
    {
      "folded": true,
      "id": "1462600e-c609-4b75-aa55-b2e1f2306cae"
    },
    {
      "folded": true,
      "id": "930aac02-2558-4a5f-873b-96b21c90766d"
    },
    {
      "folded": true,
      "id": "4a098f94-7754-43e7-85cf-921fb6174504"
    },
    {
      "folded": true,
      "id": "0dcf9303-6c19-4616-af1f-c340f16b96fa"
    },
    {
      "folded": true,
      "id": "a283a773-d71e-47fb-bcb1-843a8309357e"
    },
    {
      "folded": true,
      "id": "09141240-264d-49df-9017-8b559bddf820"
    },
    {
      "folded": true,
      "id": "0865a661-3905-4203-849c-56012a05b36d"
    },
    {
      "folded": true,
      "id": "0e6cd78c-2dda-4da4-9c39-d12d8a4742e3"
    },
    {
      "folded": true,
      "id": "5293aaf1-5f10-4323-beca-821d5911b979"
    },
    {
      "folded": true,
      "id": "8ed8a6f9-5c51-4ccb-9e6b-5b18b44bceee"
    },
    {
      "folded": true,
      "id": "30e82017-46d0-4a58-ad03-1d9812ca0b49"
    },
    {
      "folded": true,
      "id": "0e01aff0-7d74-4096-b91a-233abf9b2545"
    },
    {
      "folded": true,
      "id": "8710b83f-58c9-486f-b0bb-ab7e5e6cdb8a"
    },
    {
      "folded": true,
      "id": "97cfb04f-9d83-4f56-a839-1f5bbc11d7a7"
    },
    {
      "folded": true,
      "id": "8ec67662-2f9a-4f17-845e-cd94ccd84f5c"
    },
    {
      "folded": true,
      "id": "ef47d60b-7d1e-452c-a748-d5f750bb35e7"
    },
    {
      "folded": true,
      "id": "1a85ac8a-91cc-438c-9fa6-78a5f0ce57a2"
    },
    {
      "folded": true,
      "id": "c890da52-3680-4ffd-932b-7d75cae068de"
    },
    {
      "folded": true,
      "id": "20f78a9d-fba3-4df6-82a2-4a236f292f32"
    },
    {
      "folded": true,
      "id": "7c32f90a-e03f-44f9-acf8-c03ecf92dd66"
    },
    {
      "folded": true,
      "id": "ed865545-aaab-4be7-8e27-c49d1fc31ef8"
    },
    {
      "folded": true,
      "id": "718b21d9-7c9d-4432-8999-3589e94a4f32"
    },
    {
      "folded": false,
      "id": "a7bc6462-ba33-4e7b-8c6b-3a980238a0c0"
    }
  ]
}