{
  "item-states": [
    {
      "folded": true,
      "id": "5eb4e95yeVL6KeC13rzkb3V"
    },
    {
      "folded": false,
      "id": "6f713UOM7pLXpvu445bnwvV"
    },
    {
      "folded": false,
      "id": "74776dD+9tBmo7eny8oVxdl"
    },
    {
      "folded": false,
      "id": "efe81wNOHVNrboNY/N7RfUj"
    },
    {
      "folded": false,
      "id": "360feMN9wZFTIY9iHxrB0S0"
    },
    {
      "folded": false,
      "id": "ef34diHAiRNB6l0KMtzy3fj"
    },
    {
      "folded": false,
      "id": "896a6TVkX1ABLJdvsP9YNbe"
    },
    {
      "folded": false,
      "id": "77b71pa9JFCVLbA+htvezNw"
    },
    {
      "folded": false,
      "id": "c7a58eJpuRPR6ahYoBfV98s"
    },
    {
      "folded": true,
      "id": "9d959AvcW1EBq2dpmpB+WYq"
    },
    {
      "folded": false,
      "id": "b1910QCyhtBvbUNZR6kwDCC"
    },
    {
      "folded": false,
      "id": "383805OhjpHGoFKQoeMnstQ"
    }
  ]
}