{
  "version": "1.1.0",
  "windows": {
    "main": {
      "x": 0,
      "y": 22,
      "width": 1280,
      "height": 732,
      "layout": {
        "children": [
          {
            "children": [
              {
                "active": 0,
                "children": [
                  "hierarchy"
                ],
                "height": 313,
                "type": "panel",
                "width": 361
              },
              {
                "active": 0,
                "children": [
                  "assets"
                ],
                "height": 313,
                "type": "panel",
                "width": 361
              }
            ],
            "height": 629,
            "type": "dock-v",
            "width": 361
          },
          {
            "children": [
              {
                "children": [
                  {
                    "active": 0,
                    "children": [
                      "scene"
                    ],
                    "height": 426,
                    "type": "panel",
                    "width": 607.34375
                  },
                  {
                    "active": 0,
                    "children": [
                      "inspector"
                    ],
                    "height": 426,
                    "type": "panel",
                    "width": 300
                  }
                ],
                "height": 426,
                "type": "dock-h",
                "width": 910
              },
              {
                "active": 0,
                "children": [
                  "console",
                  "timeline"
                ],
                "height": 200,
                "type": "panel",
                "width": 910
              }
            ],
            "height": 629,
            "type": "dock-v",
            "width": 910
          }
        ],
        "snapshot": true,
        "type": "dock-h"
      }
    },
    "worker": {
      "x": 440,
      "y": 228,
      "width": 400,
      "height": 300
    }
  }
}