{
  "item-states": [
    {
      "folded": false,
      "id": "mount-assets"
    },
    {
      "folded": false,
      "id": "5e35df0c-ab3f-4930-99d8-e3c3073d373f"
    },
    {
      "folded": false,
      "id": "e6ca83eb-963f-441f-a7fc-7d3fea67eaf4"
    },
    {
      "folded": true,
      "id": "9808a44d-e22b-4be6-8179-b00b06bb94af"
    },
    {
      "folded": false,
      "id": "d5e2eb87-d5fd-46a0-9327-1fb6067d5028"
    },
    {
      "folded": true,
      "id": "0f8efa5a-4b3a-4333-803c-86704ea73633"
    },
    {
      "folded": true,
      "id": "fd0bcca0-870c-42f4-834f-6225129278b3"
    },
    {
      "folded": true,
      "id": "12ca1606-e9ed-451f-97e0-b62a01ea16bd"
    },
    {
      "folded": true,
      "id": "cb6a65da-6425-444b-9358-351ad9d7f08f"
    },
    {
      "folded": true,
      "id": "7ee6ff38-43a5-4e58-a4e2-47f2aa9d0a62"
    },
    {
      "folded": true,
      "id": "1f401818-8357-4f19-bbfb-2c0122f7cf83"
    },
    {
      "folded": true,
      "id": "c6227048-b8b0-4fa9-a785-e3f217eb9e90"
    },
    {
      "folded": true,
      "id": "4cf4f2a3-ec87-44e9-bb1a-f2225e5f5b1f"
    },
    {
      "folded": true,
      "id": "26633966-aee6-4d99-bde7-7ccef3ea8808"
    },
    {
      "folded": true,
      "id": "e99119fe-8821-4d57-b2f1-c3753d6ee42f"
    },
    {
      "folded": true,
      "id": "97f67b2e-7620-45c7-acbd-91a0b7533775"
    },
    {
      "folded": true,
      "id": "814bb0ae-994b-47a3-868f-a7a1c366abc1"
    },
    {
      "folded": true,
      "id": "eec04788-d3aa-457e-9433-29ad23e85744"
    },
    {
      "folded": true,
      "id": "64a6b898-c21e-46be-9104-aca4fefd2303"
    },
    {
      "folded": true,
      "id": "fa96a1ef-b6b8-4a4f-9219-dc1bee5cb81f"
    },
    {
      "folded": true,
      "id": "f75bb562-3fb3-4344-8a38-f1f69275aa28"
    },
    {
      "folded": true,
      "id": "c89f9ee7-cf01-4974-a0b5-636c49c886db"
    },
    {
      "folded": true,
      "id": "1fa40180-c97d-4167-a52a-399b589d2b6f"
    },
    {
      "folded": true,
      "id": "e1937b16-1de9-4aa4-9b48-f648937fab13"
    },
    {
      "folded": true,
      "id": "c76cfe67-22ef-4f25-b1f6-3f53f337aabf"
    },
    {
      "folded": true,
      "id": "2ff4f3ff-5703-4fed-abaf-f2f8f4e3847f"
    },
    {
      "folded": true,
      "id": "57a1a5fa-8a63-43b3-abc4-065ed09930c9"
    },
    {
      "folded": true,
      "id": "348765ca-b345-44d9-9a93-e79cea4e87cd"
    },
    {
      "folded": true,
      "id": "7d848c6e-e7b3-4fb6-aaa8-201d1e81dd4f"
    },
    {
      "folded": true,
      "id": "4d775202-de74-4e64-8955-9c5b3e87e589"
    },
    {
      "folded": true,
      "id": "11300257-060a-416a-a14e-6826344e9029"
    },
    {
      "folded": true,
      "id": "4ef53620-f3ac-4221-8cff-7244f608fdcb"
    },
    {
      "folded": true,
      "id": "409230c6-bb1c-4251-81be-46c5f91046b9"
    },
    {
      "folded": true,
      "id": "5d91464c-4cfd-4f78-93db-843fc35432b7"
    },
    {
      "folded": true,
      "id": "6a6af092-3d53-4a4c-a42d-f9381ec4bff2"
    },
    {
      "folded": true,
      "id": "fd7eb633-59ee-4f86-99a8-7d25cd7c0ec2"
    },
    {
      "folded": true,
      "id": "1daa2b22-3497-4c36-9ece-9cdfbd97f82e"
    },
    {
      "folded": true,
      "id": "04dcbe3b-8c42-4d0d-b316-5239231801a8"
    },
    {
      "folded": true,
      "id": "95751c0d-3d6f-427e-a67b-34890390afee"
    },
    {
      "folded": true,
      "id": "562f52a7-1b09-42a2-8e0b-b1307b76ceb9"
    },
    {
      "folded": true,
      "id": "79d2b04c-2c69-49a0-a616-0de86d8a33f4"
    },
    {
      "folded": true,
      "id": "dd09c3ab-4140-4a60-be66-c60370d1324f"
    },
    {
      "folded": true,
      "id": "a44b61eb-9f41-48ea-ad90-a47134c945a5"
    },
    {
      "folded": true,
      "id": "8ae90faf-51a4-4b22-bbd0-4b3944673055"
    },
    {
      "folded": true,
      "id": "92ddc585-5b0c-4f66-a29d-34844c85489c"
    },
    {
      "folded": true,
      "id": "4de46e75-bcfa-4a0f-ad90-3b74d50908d1"
    },
    {
      "folded": true,
      "id": "dee177eb-f875-45d0-83ea-dbbe613f8423"
    },
    {
      "folded": true,
      "id": "a389b2f8-cc19-4b6e-bd32-8097d8158642"
    },
    {
      "folded": true,
      "id": "477916ee-45d3-4a74-addf-c2f68cb85b3f"
    },
    {
      "folded": true,
      "id": "f6156706-8a70-4aab-acba-1e7c96c46710"
    },
    {
      "folded": true,
      "id": "dae9049f-80ae-4790-b6cb-0d9c84a1d1d6"
    },
    {
      "folded": true,
      "id": "891f26dd-e28a-4270-9b4e-daa1b4054fc4"
    },
    {
      "folded": true,
      "id": "f30b73e9-1b00-4f67-8c02-204ed3a2f981"
    },
    {
      "folded": true,
      "id": "21e8f29d-bd9f-475e-a13f-c21ff68ce618"
    },
    {
      "folded": true,
      "id": "ce85e491-cb63-470e-8602-9781ff42f831"
    },
    {
      "folded": true,
      "id": "77b21966-57d9-4ccf-8a3c-7b7efd383b78"
    },
    {
      "folded": true,
      "id": "e9821024-b546-428a-b674-bee9d284b871"
    },
    {
      "folded": true,
      "id": "72daf1fe-7f64-4a96-a49b-d32b0c8b61f5"
    },
    {
      "folded": true,
      "id": "20138dc2-f211-436a-88ec-d9a3ac0f4cef"
    },
    {
      "folded": true,
      "id": "8b3da542-6c10-48a6-98da-d474d6bdda60"
    },
    {
      "folded": true,
      "id": "4780ca1e-f88f-4099-94d7-31b0d49d5022"
    },
    {
      "folded": true,
      "id": "b03296e9-3e55-4666-b352-d2076834a32a"
    },
    {
      "folded": true,
      "id": "65c04cb7-1bad-44dd-baf9-8077a8ba3e60"
    },
    {
      "folded": true,
      "id": "96903f86-b663-4e15-b01e-080ead6b3455"
    },
    {
      "folded": true,
      "id": "e5514da8-eb40-4499-a9ad-bf2a46e72ff0"
    },
    {
      "folded": true,
      "id": "3e08b11a-1e36-4bd7-9af2-1873c22d5601"
    },
    {
      "folded": true,
      "id": "c33898d3-b6f0-4939-98a9-3fd0bbe244ab"
    },
    {
      "folded": true,
      "id": "d0095dec-8092-4a41-a436-310fcd443d4a"
    },
    {
      "folded": true,
      "id": "9eb557b8-9077-4142-854e-fd63c175b16e"
    },
    {
      "folded": true,
      "id": "a527a87e-cd19-4d37-8db6-d997ce6f8495"
    },
    {
      "folded": true,
      "id": "f6161dc9-3695-41dc-a78b-20be9deecfd3"
    },
    {
      "folded": true,
      "id": "e47d7190-324b-416a-9e13-62dfbf8c664a"
    },
    {
      "folded": true,
      "id": "45b5f8a7-25be-4092-aba9-68a4d2866210"
    },
    {
      "folded": true,
      "id": "c792b637-630a-401b-9a15-b23421857e2a"
    },
    {
      "folded": true,
      "id": "79911352-4a34-4967-81ec-4d38d4fc6df7"
    },
    {
      "folded": true,
      "id": "f0d31b4b-c1e7-4e2e-9159-e69cb8aad622"
    },
    {
      "folded": true,
      "id": "d6da679a-ce16-4d48-bee7-fefb679d85b3"
    }
  ]
}