{
  "version": "1.1.0",
  "windows": {
    "main": {
      "x": 0,
      "y": 22,
      "width": 1280,
      "height": 720,
      "layout": {
        "children": [
          {
            "children": [
              {
                "active": 0,
                "children": [
                  "hierarchy"
                ],
                "height": 313,
                "type": "panel",
                "width": 271
              },
              {
                "active": 0,
                "children": [
                  "assets"
                ],
                "height": 313,
                "type": "panel",
                "width": 271
              }
            ],
            "height": 629,
            "type": "dock-v",
            "width": 271
          },
          {
            "children": [
              {
                "children": [
                  {
                    "active": 0,
                    "children": [
                      "scene"
                    ],
                    "height": 313,
                    "type": "panel",
                    "width": 415
                  },
                  {
                    "active": 0,
                    "children": [
                      "node-library"
                    ],
                    "height": 313,
                    "type": "panel",
                    "width": 279
                  }
                ],
                "height": 313,
                "type": "dock-h",
                "width": 697
              },
              {
                "active": 0,
                "children": [
                  "console",
                  "timeline"
                ],
                "height": 313,
                "type": "panel",
                "width": 697
              }
            ],
            "height": 629,
            "type": "dock-v",
            "width": 697
          },
          {
            "active": 0,
            "children": [
              "inspector"
            ],
            "height": 629,
            "type": "panel",
            "width": 300
          }
        ],
        "snapshot": true,
        "type": "dock-h"
      }
    },
    "worker": {
      "x": 440,
      "y": 228,
      "width": 400,
      "height": 300
    }
  }
}